<?xml version="1.0" encoding="UTF-8"?><?xml-stylesheet type='text/xsl' href='_UpgradeReport_Files/UpgradeReport.xslt'?><UpgradeLog>
<Properties><Property Name="Solution" Value="겜고">
</Property><Property Name="솔루션 파일" Value="C:\Users\Gtt\Desktop\Projects\겜고\겜고.sln">
</Property><Property Name="Date" Value="2013년 5월 13일 월요일">
</Property><Property Name="Time" Value="오후 20:33">
</Property></Properties><Event ErrorLevel="0" Project="겜고" Source="겜고\겜고.vcproj" Description="Converting project file 'C:\Users\Gtt\Desktop\Projects\겜고\겜고\겜고.vcproj'.">
</Event><Event ErrorLevel="1" Project="겜고" Source="겜고\겜고.vcproj" Description="This application has been updated to include settings related to the User Account Control (UAC) feature of Windows Vista. By default, when run on Windows Vista with UAC enabled, this application is marked to run with the same privileges as the process that launched it. This marking also disables the application from running with virtualization. You can change UAC related settings from the Property Pages of the project.">
</Event><Event ErrorLevel="1" Project="겜고" Source="겜고\겜고.vcproj" Description="VCWebServiceProxyGeneratorTool is no longer supported. The tool has been removed from your project settings.">
</Event><Event ErrorLevel="1" Project="겜고" Source="겜고\겜고.vcproj" Description="Attribute 'Detect64BitPortabilityProblems' of 'VCCLCompilerTool' is not supported in this version and has been removed during conversion.">
</Event><Event ErrorLevel="0" Project="겜고" Source="겜고\겜고.vcproj" Description="Web deployment to the local IIS server is no longer supported. The Web Deployment build tool has been removed from your project settings.">
</Event><Event ErrorLevel="1" Project="겜고" Source="겜고\겜고.vcproj" Description="Attribute 'Detect64BitPortabilityProblems' of 'VCCLCompilerTool' is not supported in this version and has been removed during conversion.">
</Event><Event ErrorLevel="0" Project="겜고" Source="겜고\겜고.vcproj" Description="Done converting to new project file 'C:\Users\Gtt\Desktop\Projects\겜고\겜고\겜고.vcxproj'.">
</Event><Event ErrorLevel="3" Project="겜고" Source="겜고\겜고.vcproj" Description="Converted">
</Event><Event ErrorLevel="0" Project="" Source="겜고.sln" Description="솔루션을 변환했습니다.">
</Event><Event ErrorLevel="3" Project="" Source="겜고.sln" Description="Converted">
</Event></UpgradeLog>